"","hsa-mir-592","hsa-mir-940","hsa-mir-3651","hsa-mir-206","hsa-mir-4326","hsa-mir-3648","hsa-mir-1976","hsa-mir-3687","hsa-mir-375","hsa-mir-217","hsa-mir-496","hsa-mir-3662","hsa-mir-1254","hsa-mir-944","hsa-mir-137","hsa-mir-378c","hsa-mir-1262","hsa-mir-760","hsa-mir-421","hsa-mir-639","hsa-mir-3917","hsa-mir-3193","hsa-mir-1305","hsa-mir-3170","hsa-mir-3615","hsa-mir-1293","hsa-mir-3610","hsa-mir-133b","y_train"
"37",0.979078032031,2.39878610945,0.4735,12.6378387228,2.54995593114,0.662422356278,2.03841769059,0.829430571302,4.19282356203,3.66163916884,1.8176754472,0.9791,0.71910030543589,7.27835643139,0.2561,3.49768984975,1.23859463645,0.829430571302,2.03842756098,0.55183411562663,1.35271621287,0.48332488652959,0.473518788051,1.11472896225,2.10507371655,0.979158569592,1.35271621287,7.97046098141,1
"195",1.53009624877029,0.4975,2.57068676363,10.6521559244,4.1603135163,1.07344110443617,2.84319156311,0.88917944515894,9.98331851205,3.86666470295,0.8667,1.61292993107,1.61292993107,7.73773699149,0.87010445436011,1.9568,1.16046531741,0.55526729832277,0.866733996407,0.45294998098283,1.11286336119287,0.4975,1.79511259095,0.8667,2.84316654759,3.44381318998,0.62994550596613,4.63695701837,0
"12",2.44912980156,2.32615355219,3.52135886701,5.38599754012,3.3739825231,3.31057927821,3.72978170032,1.08087622006,8.06718293524,2.11955810751,1.47732172976,4.42758318493,0.532195425591,7.35397611533,1.2068727632851,2.04355218256,0.920107543714,0.532195425591,2.56238481464,0.2905,1.35695994282,0.76123814504705,0.739067461219,0.7391,2.44909826722,3.72979830504,0.2905,0.920034616723,0
"57",3.1303046372,1.84216804019,0.719292010881,5.41944463058,1.32663141816,0.719292010881,2.85763180605,1.5553661444,6.34247768162,2.221109451,0.71925819164,1.75277769703,0.86747022275573,8.4299030108,0.79025475669665,3.90732699086,0.516938911589,0.2815,0.896692883651,1.44552814594,0.896692883651,1.05470884637,0.2815,0.8967,2.76921269573,2.08129718261,1.75271512645,1.84218536512,0
"63",2.37833931097,2.37835282521,0.746172395534,3.38993413728,1.14998084024,2.04120999487,2.52140342563,2.79920096345,5.4351325232,2.17700525972,1.89109348875,2.1330862133,0.345914525305,9.99144660574,0.345914525305,3.33285278207,1.31626111397,1.72370684847,1.99284356699,0.962220265333,1.60025349871,0.3459,0.746196981492,1.72373661185,2.65143811839,1.15006359633,1.72380977817,0.624709182073,0
"221",1.68018752258,1.40797265439,0.3512,1.90915598769,2.10673471667,1.24981307699,4.47381984286,0.633424175793,9.45384107438,2.28045827258,1.0720954201,0.93691122140039,0.78531215887113,6.84322988016,1.79926507444,2.28045991286,0.869368964164,0.3512,0.869368964164,0.3512,1.24978153709,0.869368964164,0.923605549520661,0.6334,2.87554473285,3.83074796614,0.633424175793,0.6334,0
"27",1.15511648436,1.34129104837,0.690220855802,6.16106237913,1.65414850197,1.50619138711,2.56269551086,0.690220855802,14.0017173427,4.86905638118,0.941311006153,1.50622573146,0.84696765108654,10.3294367648,0.874404198564859,3.00998430294,1.5061795405,1.34129598821,1.78829027344,1.15512597446,2.63580226692,0.9413,0.6522269927922,1.3413,1.65411262941,2.02422870541,1.91105517353,1.91104330887,1
"204",2.09812273654,2.01045500136,1.59424160669,10.6878637051,5.59105383057,0.3247,2.96632095062,0.3247,5.4313868189,4.05746220804,0.589579388231,3.14162314067,2.33300443824,8.19377769055,4.20293614354,3.22182116236,1.00693523668,1.00691980248,2.47081926097,0.589579388231,2.09804475919,0.3247,2.59657897944,1.0166170641674,3.18229225992,1.91708946369,0.589579388231,5.72785290693,1
"41",1.39018002447,2.20242967457,0.2389,13.3699745793,2.20244489108,1.39007571856,3.39873981817,0.782719022038,6.84576691762,3.51699177539,2.31113797487,0.4439,0.91250369966548,7.74939438979,1.0571049633,4.87188264818,0.926420161053,0.2389,2.55177513767,0.92648959845,1.88819328796,0.6233,0.623190413691,0.56396385220308,2.63779139348,3.96259295949,0.926420161053,8.47004821365,1
"200",3.09441196465,2.05035755422,2.73458563728,12.1699033292,6.96710271808,1.17431386636,3.6937461954,0.3942,6.05899057761,6.73567947514,1.36239419832,2.92568792393,0.958036733163,7.2099354126,1.1743,1.81295437558,0.958019619831,1.17432859708,2.4326510601,0.3942,2.43267654352,0.703479584583,1.93652470798,0.958,2.80110314306,1.52872426309,0.958019619831,6.93780921227,0
"105",0.793943749486,1.83518913261,0.632596800979,3.51799863367,2.16521593205,0.450909858589,3.71226934888,0.243,5.95613310165,6.31973530515,0.939035285228,0.4509,0.450909858589,6.52329541159,0.243,3.09101084639,1.19165818464,0.64369926415914,1.90751038189,0.793940888948,1.75906865686,0.243,0.243,0.61016638515273,3.02754689152,1.87376544182224,1.67870426223,3.0275036326,0
"124",1.69151716398,2.55217667948,0.83398242279433,3.33948567889,3.2501107322,2.39424675451,2.82405525471,0.685409124647,9.07848752737,1.00975311456,1.00976040202,1.86208044141,0.856688784968,7.77022585328,0.2663,2.08526630267,0.2663,0.6854,1.14815972922,0.491020471286,2.39423606043,0.856680681786,1.00975311456,0.2663,2.78217909981,3.94421686602,1.27442572599,1.27442829397,0
"54",4.28253294373,2.62103580168,0.894223674361,3.29299004543,2.83147060148,0.619841819962,4.57009294136,0.717252439544,7.13476860203,1.74908190927,0.1471,0.717187478431,0.402748379344,7.11816868358,0.1471,4.17515200319,0.1471,0.619800199459,1.60380576394,0.894344590568,2.91595919577,2.04007574066,2.31366530921,0.1471,4.05921998754,0.515392164368,1.70231509121,0.402767242081,0
"82",0.7228,2.08809141942,2.68243643803,10.1979929189,5.04807872236,0.900897167893,4.8344773504,1.20212587402,5.6246949259,4.90921362479,2.01254308535,1.20210199261,1.33207595253,7.12207337694,1.05935209751,2.15974725127,0.519656024085,0.722833292225,2.35582557967,0.2831,1.8486103038,0.5196,0.2831,1.20204701686,4.01562778158,0.722784627843,1.05937846274,5.26687150139,0
"172",2.23946804413,1.43379259156,0.278208352152,13.0446433637,0.802773282153,0.1458,2.73043750352,0.278208352152,9.81221227212,5.34206084968,1.69300081202,0.1458,0.399479468703,6.19817571264,0.88165203301502,4.92376466176,0.1458,1.18663693665,1.25244591722,0.51132820733,0.71199156966,0.615206040093,0.711751886779709,0.2782,1.91267321039,0.802719922825,0.802725729166,9.16382520085,1
"186",2.97307470521,1.18571566121,1.28336179854,4.21161073076,5.77770422582,0.399087957606,2.68205690599,0.399087957606,4.37566679844,5.44447592489,1.46090312626,0.711399796303,1.18568773389,3.13885001519,1.18576439979,1.28343996968,0.711370696486,0.563657018968,1.82762508058,0.43234349483114,0.711360997873,0.63941494996555,1.18570882684,1.18574729609,2.44934697849,0.563657018968,0.72290862861991,0.3991,0
"148",0.896245554614,1.65676239334,1.4448837739,12.9014033733,2.8990839539,1.75201390972,3.19881558806,1.19644140655,4.25447946029,4.15339011777,1.44489751302,1.3261,1.92563294914,8.50873167428,0.2813,2.62471739248,1.32614984001,0.83245833005222,1.9256462072,0.896278006132,0.2813,0.516599124513,1.32610860872,0.8963,2.94012922619,2.00517422684,1.19650437724,6.1449251807,0
"144",1.23982362603,0.319181930584,0.993062675937,1.5757,2.03721882331035,0.1684,2.965087027,0.1684,7.43830217775,2.48035818558,0.801334309566,1.6344,0.580304184328,6.03606275968,0.455611017885,3.0751,0.580314289848,0.3191,1.31357662958,0.580382651847,1.16214680521,0.319181930584,0.1684,0.60696355963484,3.25427521923,1.51451607988,1.08007831682,1.38367359215,0
"58",3.02636160034,0.713815514241,0.565701176218,3.74144726596,3.20392870701,1.97586724045,2.73425037598,0.804769425131,10.5066786957,2.07054209864,0.76002194069,2.83475677572,0.931215382832,8.42483539395,0.279,1.87466165911,1.1199734082,0.279107701164,1.81028312415,0.075,0.890218891873,0.970970021453,0.075,0.3411,2.5228723102,2.52291452479,0.341113452326,0.279080776525,0
"5",0.4847,2.3763993388,2.6758013061,7.72255420467,2.84567902711,4.97931245947,4.16742828489,5.66983247634,11.3204519351,1.26148475556,1.3769194607,0.9987,1.13610419963,8.02079466742,0.2626,2.37640985349,1.58324389295,0.84442129860627,1.48375637405,0.2626,1.48376850082,0.2626,1.48374802287,0.2626,3.58250336787,5.07638329436,2.26098932912,1.84608476688,0
"83",3.51843107116,1.31856296053,2.31740049396,3.03947141853,4.48646987444,1.69653939815,1.6965528808,0.3208,6.2232116818,2.24344747238,1.16681344197,2.99505040213,1.69655617342,10.469559214,1.44327770829405,2.0831,0.583081852223,0.583081852223,1.99574911138,0.3208,0.804936494825,0.3208,0.3208,2.08318895414,2.1654872362,1.8033500539,0.804936494825,1.75282996635667,1
"165",1.24198018386,1.06500920025,0.863243560908,4.36869594926,2.69175279982,0.3483,3.57545418528,0.3483,16.554095578,5.60827489998,1.89928989145,0.6286,0.3483,4.46096395365,0.628651611637,3.43686558394,0.3483,0.71745281750043,0.863243560908,0.3483,1.27694150910265,0.58285177651875,0.71751402091791,0.3483,2.00123184228,1.72751273242961,0.628651611637,1.7896190029,0
"18",0.6007,3.39973543968,1.19602687477,10.9486545507,2.68315852244,2.2063573168,2.49775221478,2.03517165384,5.65299401034,2.28485793434,1.61627491874,0.6007,2.20634769813,9.44475629649,1.48927984134,3.3273,1.7329196049,1.73295885126,2.79471920864,0.3314,1.19608381478,0.3314,0.3314,2.03509006969,4.86516317587,0.3314,0.3314,5.34009265279,1
"52",4.17845225958,1.63888277839,1.9571567294,2.62980507499,3.21178859517,1.95714097151,4.4434923261,0.65675706498,10.8340101251,4.66736653283,1.63888277839,1.1065,1.22984013985,7.35239565306,1.01416632617857,2.58437238509,0.65675706498,0.2536,2.02690513916,0.2536,1.22984013985,1.34348468844,1.10960493067867,0.822738350844,3.75417661222,2.27619075782,1.10639502842,0.656831189174,0
"53",1.63203252211,2.64358189893,1.7493,3.3485,2.81478834352,1.281838264745,3.38516723839,0.79678209068367,11.0512830468,3.70845598961,0.608671171628,1.50440281178,1.03543992871,6.60853620913,3.67922031747,2.2247585867,0.6087,0.70659839734159,0.6087,0.60811645880902,1.36434418693,0.6087,0.3362,0.79838204219077,4.23622538334,1.85775315407,0.3362,0.608671171628,0
"138",1.7481338924,1.27232337095,0.958793547506,14.6987959951,3.87610857776,0.3056,3.70398001335,0.79817267113841,5.75711319388,6.34781670687,2.32499233836,3.4473669094,1.52975606671,9.25687179827,0.5576,4.56363741398,0.958827949918,0.958793547506,1.40677953052,0.46595254417209,1.93774134592,0.55764543165,0.772097865876,0.5576,2.73597148883,2.02396238941,1.12410489757,8.80758086741,0
"142",1.34225039119,1.48095228229,1.48096303382,1.6075,3.4625795421657,0.3287,3.07409198169,0.3287,6.52524257871,4.35399494356,1.83154143432,3.52264459183,0.596231414117,7.2134366344,1.017,2.34893185126,0.8945632459227,0.58874368684955,1.01692177332,0.596231414117,1.60745509081,0.64431145156516,1.72388364056,0.81960449210342,2.34899810632,3.81266130597,1.18865791804,2.19500715557864,0
"143",1.34669186382,0.753478145381,0.425359940912,1.4409,2.87668042772,1.05647480390886,3.62262755772,0.2283,10.1386360159,3.233034112,0.2283,1.61245215998,1.44077678535,8.33254001921,0.8933,1.76581308057,1.34665693667,0.598744932313,2.30569919331,0.58606876432307,0.753478145381,0.753527612696,0.89631452401115,0.2283,2.14724271764,3.28468793341,0.2283,1.65237019052744,0
"134",0.927335978918,1.32360274621,0.927412047737,11.6964586605,3.08989777587,1.63428800198,3.280473114,0.927412047737,7.35414733756,4.00260596033,1.32360159567,0.9273,0.9410309415694,7.83246032382,1.13268090433212,3.56327402008,0.927335978918,0.80293942173589,1.76747022161,0.3792,1.13906438122,0.679190350591,0.679190350591,0.6791,3.97532602045,2.29497669524,0.679190350591,6.46220279062,0
"30",2.03183136148,2.80437651215,0.82561819545,9.36380833448,1.81150409129,0.65925132468,4.25928588186,0.974809693786,8.46110277336,2.39172283911,0.2547,1.11,0.82561819545,9.01484448501,0.84391137502037,3.4897453989,0.825656375165,0.85285202164333,2.88205410467,0.2547,0.471109657638,1.55127022607,0.78949009717523,0.65121364667063,2.80439670264,2.39170194283,0.659242847831,5.40325600142,1
"176",1.78318831556,1.94447536553,0.492560499067,13.1649064053,0.859142788388,0.89858086256398,3.12647011089,0.859109179685,11.5295458893,3.63178665343,2.45339521753,0.859142788388,0.687427634925,6.79296417263,0.2672,5.93629624137,1.6016282221,0.687427634925,1.50154724563,0.50959404205423,1.01251596957,1.01251596957,0.65205042843361,0.2672,3.19218606251,2.34190706201,0.78112025284471,9.2719148585,0
"100",2.48104183637,1.71876246602,2.24454919761,8.80143311101,2.68417297549,1.2912762886,2.86225220263,1.36070742655,5.12978975844,3.72041910099,1.60903584869,1.2183,0.568021270871,8.25401905997,1.66495411026,3.50741924842,1.60897745952,0.568031947777,3.02072646761,0.56220029867179,0.680874397315,0.445585446231,0.1643,1.55079348689,2.38442075805,0.311787247972,0.445585446231,5.53445778928,1
"90",0.326559788286,2.44539809255,1.09986861517,9.27007435496,1.18291850876,1.18279870538,3.6940005421,1.18279870538,10.9274646064,3.28775569896,2.41125603568,0.1725,0.1725,6.32693594793,0.326559788286,3.98773518049,0.817384193757,1.01168342409,1.82409215664,0.326559788286,1.65967574464,0.1725,0.465743884256,0.3266,2.87819967931,2.01751554713,1.40680635045,6.13161727774,1
"156",1.35769615132,2.06045014607289,3.2226161176,12.5201295201,3.44591886591,0.6049,3.96216921879,0.6049,9.16883746504,3.51328520079,0.6049,2.50798225862,2.04452563004,7.19315370372,1.35580944097104,2.85814873329,1.35761955891,1.35769615132,1.02980386863,0.57620104152714,0.6049,0.72690042712722,1.0299,0.6049,2.7506275653,4.099979059,1.02980386863,7.62491228501,0
"98",2.23306755528,2.10097378943,1.15947263142,3.1731,3.17307537149,1.70574805569,3.49587456539,2.35410186558,8.17945896648,1.95560713599,1.6117490241,0.865923996447,0.497005636979,5.93180696715,0.82589206018063,2.84171904323,0.69325011769,0.497005636979,2.16855003205,0.2698,1.51134801562,0.2698,0.2698,1.02014081924,2.71193749695,2.034210181867,0.497005636979,2.57371957510247,0
"212",0.6281,1.75021036743,0.241,10.0097607887,2.32212949961,0.788473727635,3.11063222856,0.628012641331,8.92045835866,1.58513482578,2.3736399319,0.93518124640367,0.628012641331,6.63753220577,0.788517198211,2.56311046265,0.447444937802,0.447444937802,1.58506102983,0.241,0.932900064758,0.65246073058248,1.75014889851,0.6281,3.72068610611,1.82607535335,0.788473727635,4.47744167281,1
"196",1.42934817401,1.93437041641,1.42934817401,3.55142477384,3.7845861082566,0.884826993168,3.19915762483,0.645574502902,13.5512838156,5.37001555263,1.70380822654,2.90511284898,0.3586,6.65279617455,1.0901,2.03708326479,0.3586,0.3586,1.4294,0.54699359043146,1.70375459684,0.60569696442631,1.0901,0.3586,3.61924727269,2.73209306935,0.645574502902,0.645574502902,0
"107",1.13636065039,1.1363406844,0.58244528909838,11.3541643528,1.99838250161,1.13637475074,3.60683539326,0.847104985357,8.07355221191,1.99835170023,1.26178489262,1.13632103837,0.677319382955,8.09795174561,0.847,2.0687,0.847063355455,0.51570542269114,1.37719029553,0.484853512561,1.76404748263,0.484853512561,0.6773,0.2627,2.53425750225,2.63045150079,0.484853512561,6.08527634644,0
"24",2.10612538977,2.8195335241,2.279790093,7.22356992595,4.30229543036,3.12305890021,3.0287692726,1.07160999548,9.29115158147,2.81958606547,0.93009697783514,1.67960973084,1.67967843595,6.75314082673,0.868949977877,2.76218094422,0.9246027950645,1.40744880116,1.679660704,0.351,1.40744601365,0.69357954075331,0.868954026622,0.351,3.12304399683,3.41146389947,0.656858311324,2.10607744695,0
"44",1.47588310805,2.01935210771,1.4758679563,6.04223983527,2.4132862999,1.48982363820971,3.57826310018,0.3271,9.50358065517,2.77691973735,0.818438860419,1.60222335842,0.593572070812,7.11582080592,1.33743719441,1.92589313069,0.593572070812,0.60615299514151,0.818438860419,0.3271,1.01291604904,1.01293693355,2.41328739361,0.593572070812,3.85692216485,3.06707148342,0.593572070812,1.92583612866,0
"211",2.31557656858,1.84847870237,1.50388920982,2.95089192318,2.35930012858,0.544997633411,1.96608803159,1.05037683727,6.70007567216,4.93938911779,2.52180725403,1.50391884826,0.939651434743,8.10748177286,0.545026173216,2.83187780233,1.05036300548,1.33917287,2.89265056792,1.4238979663,2.02156327497,0.688898995375,0.688875306378,0.2054,3.92879972804,0.81971622985,0.544997633411,0.545026173216,0
"91",1.9123746817,3.09404636185,0.81050716767,4.09449264239,2.65010804793,0.81050716767,4.32899371977,2.1757807366,8.33948246314,2.25380449893,0.5875,1.32642036256,1.00367695091,8.52611171699,0.3234,5.31104687083,2.39839264082,1.81269085198,2.00555114937,1.00374076547,1.91238223593,0.3234,0.86624776546884,1.3264,2.52972155306,2.96068345338,2.0931234481,1.70559247943,1
"118",0.1748,0.59946260475,0.85822697297705,14.8493285736,0.599386851736,3.78126855069,2.07706975052,0.9271954485,11.4275751257,4.54093214842,3.24785306254,0.54349901147091,0.54367406038397,5.2117185759,1.0753735747781,8.13289900207,1.02164914892,0.59946260475,1.6732080055,0.471285459753,0.9271954485,0.717187444461,0.1748,0.1748,2.24327376627,1.01992507681687,0.717244996801,11.6951747119,1
"1",3.00181318013,4.02634257428,2.33233416699,8.90695690678,3.6508536381855,4.41907332889,4.20311047164,4.48896761751,9.58991051471,2.33228926618,1.64352203407,2.44914293458,1.04413277144,9.4808987395,1.31444280837,2.60838220648,1.99057244576,1.31440296799,2.55721264907,0.711306644444,1.54194049456,0.9007467011193,1.82743842518,1.0442,3.14725838739,2.44913926044,1.18557335059,4.60686801647,0
"4",0.823145272682,2.48947539542,0.4695,1.72590162429,3.24213517113,1.72592054401,4.10055569145,1.34402465345,8.46173756072,2.98609370927,0.73374117066273,0.8232,0.4695,7.61481061548,1.107,3.96502210544,0.4695,0.85194395063743,2.67466971896,0.69132376008694,1.60211681818322,1.107,1.107,0.91206392590816,2.91437582542,3.64837264606,0.823145272682,0.4695,0
"28",0.8176,2.26673683424,0.8176,2.1477,3.44787114979,0.466,3.68015310391,1.10018602958,8.00025004693,1.87523083698,1.33629509134,1.10013400315,0.8176,9.25496377968,1.71694963295,2.97496571882,1.10018602958,1.10773675616705,3.04330978278,0.466,2.14774435636,0.466,1.87527860373,0.78275422036267,1.87529847241,4.27048694235,0.466,0.466,0
"51",1.22119308508,1.79599969051,2.14523962138,7.43730587092,3.82006302239,1.62862577892,3.25683071142,1.22118217376,9.0955392676,3.58880987054,0.964230598599,2.703921348,0.2512,7.51584973051,0.4651,2.20594411789,1.33434675789,0.465079441654,1.09840476752,1.43924535526,1.22118986198,0.2512,0.651324725278,0.6513,1.71471174087,3.0404826726,1.22119434626,2.26421594844,1
"99",2.32252082303,2.10837513062,2.1084163181,8.74516263043,3.12567089393,2.73512873628,2.1978940366,1.07309913691,10.2243234127,3.6385468799,1.33222847129,1.25097423312,0.757000730723,7.62783779396,0.975294546898,2.54356268669,1.07309585543,0.1865,2.40001673401,0.351627334433,0.634104448574,0.1865,0.1865,1.48233865498,2.57729358677,1.91074397556,0.870244907233,3.62252567828,0
"114",2.37329582254,3.0299691906,0.4836,11.4090954951,3.71650235691,0.675743448148,2.95787719551,0.4836,7.83401758667,4.11497562515,0.4836,2.71699704755,2.1966268233,10.0211614134,0.262,2.57955352295,1.84340058194,2.13259280515,3.42714965368,0.4836,2.13262667222,0.262,1.4813,1.37458905026,4.09827099808,4.62609342121,1.25941073597,6.32637062842,0
"79",0.67437099988,1.13206554899,0.67437099988,2.75707192723,3.19272570724,1.37245479533,3.66886232758,0.674391884739,9.58809453069,4.90682614463,2.25514344138,1.99251934565,0.48262385393,8.20141810864,0.4826,2.0628,0.843634369604,0.674391884739,1.91866034781,0.2614,0.674391884739,0.2614,1.25726216797,0.6743,2.75699160723,2.99131878422,0.77951202027252,0.48262385393,0
"14",1.46838776641,1.19234338323,2.89262953514,3.01242739366,3.4330004922,0.850493266144,2.6557419398,1.76953624709,7.68092196457,1.83611873363,0.401900115723,1.89968080115,1.19229651439,8.80822714833,4.00917320925,1.54989763915,1.29035188559,0.65211264749294,2.2797434261,0.49600282146337,1.08714958775,0.2149,3.04084302412,0.402,2.1810008611,3.25016624921,0.850566457729,0.2149,1
"2",1.79242636348955,3.00370894358,1.5877786678,6.18744987651,2.81101211575,1.41769228533,3.1737213069,1.73995600131,10.8513214567,1.41767492316,1.22486950613,2.811,1.00212421952,8.69893290792,2.11875765323,3.22623479977,0.4161,0.4161,2.5059993252,0.4161,0.4161,1.41769585095,1.00212421952,0.84455388437796,3.91088993823,3.87842694967,1.00212421952,1.73994147837,0
"224",1.89103210009,2.61999684027,1.66321772833,4.10893354969,3.88914303975,0.3459,3.23237519363,1.09824528860971,12.2049152275,4.33874932522,1.39260234018,1.65392489084134,0.858244256756,7.53098824858,1.23112065387288,2.41537576967,0.85816157677,0.858244256756,1.78169275392,1.235490614,0.624697209174,0.3459,0.89720457108049,1.9928,3.49755678198,2.1769111562,0.98419265496784,1.89110210059,0
"22",2.90074662812,2.16873354234,1.15290532318,3.72654727862,1.71038187856,1.15284117991,1.54738539538,0.90614148168,6.65315956341,1.98977643676,0.764813715529,0.2324,0.2324,8.24026454755,0.4326,2.75894743591,0.608206438315,0.906149508703,2.05195914599,1.26206603564,0.764813715529,0.2324,0.90352683658876,0.2324,2.47125710702,1.26212550207,0.432505466918,0.2324,0
"93",0.4291,2.15816409832,1.02798925101,8.87534983316,1.0279,0.4291,3.63570110146,1.02790601651,14.2353387771,3.41929736713,1.77583898393,0.4291,0.86322538351714,6.06945061316,1.00305757542503,3.55295969936,2.15820159863,1.44987790615,1.775888547,0.759400267296,2.26605553149,1.25426502697,0.87361538642072,0.74009626205377,3.21915450453,2.04173640476,0.759400267296,4.59730219523,0
"173",0.923722710458,2.19784177543,0.923709882928,11.4951746311,1.88396647873,0.676248803103,3.317559243,0.9200079596149,14.915283047,5.75680256186,2.15004247389,0.6763,0.201,6.56351002226,0.87724557459797,4.88525642589,0.3774,0.377389986992,1.13487982691,0.676248803103,1.55747800507,0.534553270162,0.63956371333847,1.13481999678,2.24408150704,0.201,1.13486282292,8.21360106044,1
"55",2.09990827595,1.06742353948,1.35907299655,3.28767841465,2.50987472865,0.701426074163,4.08450626824,0.2098,13.6250966673,4.71149747682,0.701426074163,1.67416904709,1.17132833138,6.15855091924,2.69563101892,3.77378864042,0.555407364929,0.392928103638,1.26824472993,1.06741109581,0.834014752169,1.26826961245,1.26826521027,0.76867004879589,3.24067008763,2.86011972502,1.35909889885,0.955412489363,1
"168",1.52669439811,2.02801640239,0.752056028386,3.789336208,2.29519793970912,0.597548798519,2.80441312866,1.01883850794,3.5988348329,2.39934151835,1.4384406521,0.2278,1.43844963564,7.40477441332,0.9770293109355,2.57518674231,0.424487501855,1.34441247433,1.83404232561,0.597548798519,2.08733701746,0.63269270077641,0.2278,0.2278,2.35175250391,1.01880206748,0.424487501855,1.96078385993379,0
"95",1.06769865258607,2.09011037163,0.723923472061,10.5638382615,0.4069,2.47540918043,3.19296775908,1.39452947196,11.5923779764,4.4496132934,3.47244127472,0.4069,0.83589553245116,6.73101800007,2.77912698936,2.63522055799,1.20365683448,0.7238,2.4753577854,0.983678841515,1.85061122763,1.56306260458,0.4069,1.2036,2.84603294194,1.97532507443,1.85055468294,5.3486281903,0
"193",0.9667,1.37333278535,1.9497,4.43815676756,4.07948858729,1.82581734805,3.7787481354,0.710413830961,10.0589198555,3.11017054054,0.710413830961,3.0560400274,1.18429009798,7.60767715229,0.3985,1.6901,1.18430005657,0.3985,0.966733233044,0.51479351083946,1.54043413508,0.3985,1.00746986332586,0.83741444179789,3.71023308581,4.52041918795,0.81859625501853,1.18430005657,0
"8",0.928512658205,2.46377624963,0.537772974428,11.207671999,2.87251380726,1.60064282932,3.6196463474,1.60060789846,7.61058616186,2.2747783521,1.48887433707,1.48882974232,1.48889350626,7.51941886232,1.97668020426,3.94986299767,1.36789927777,0.746331078319,2.6825699505,1.23579812954,2.05720217323,1.48884717808,2.52175789113,0.2938,3.26031676682,2.2748223034,1.7042739953,6.37468748371,1
"205",1.04706113874,1.99473640174,1.3177812023,4.67372529457,3.76363957848,2.20961898221,3.46239334526,1.04706956275,8.28308469613,1.99478666665,0.889894064214,3.04443480752,1.43620454559,8.72818901203,3.78612817276,1.4362,1.31778818501,0.71352723814,2.56184951166,0.54674278493218,0.71352723814,0.74249215517278,1.83148488025,1.047,2.66250599839,2.14150869621,0.512519108046,0.7135,1
"170",0.382,1.49517438873,2.3048498041,2.39079950812,0.933204317225,2.30481909189,3.57457779005,2.21351651823,7.84669807245,1.14582779876,0.382,2.21351868915,0.933204317225,7.63637815675,0.382,5.13985157019,1.33098038932,1.4951962087,1.89859107118,0.933150681235,3.61085343476,0.98214404176705,0.683736241807,0.81002906792604,3.49927358968,4.80642941071,2.62148945993,2.85671578202519,0
"160",3.3289046231,1.73414700804,0.3317,7.43181150101,1.84209352468,4.25522848301,4.11161740687,1.35104745797,5.78889980291,1.49034475112,0.3317,1.7341,1.02430676871,6.39651044006,0.3317,3.3655180207,0.828289088318,1.35115160769,2.20770116102,0.601212430382,1.49039161069,1.02438160567,2.20767959683,0.94206429670142,2.84888048194,4.42109360488,1.49029704333,3.56780284132,1
"73",1.53842963842,0.817193045246,1.87442536262,4.50555939447,2.43815666486903,2.90218118219,3.91602784867,1.53831012569,6.80795811216,1.33557792619,0.2515,1.33561780457,1.09948815129,6.63904650149,3.16995981143,3.36926947108,1.33556975183,0.817031164788,1.2223239266,0.817112107288,1.53836632512,0.87479792813205,1.94751046277,0.63533286660195,2.47805028211,2.70569962165,0.46559673205,0.2515,0
"133",2.23777994633,3.65112695746,1.40694977532,13.1416747804,2.92742885308,4.40839754775,3.94991094641,2.35886666663,10.2899048164,5.56236384428,1.16282653216,0.868591637165,0.4987,8.36697106728,2.10559090426,3.07612863193,1.16273815573,0.4987,1.96006687539,0.66749013032581,1.40702438986,0.4987,1.16282653216,0.96484032677622,2.47061299157,3.14509046292,1.61574538809,8.5640156596,0
"184",1.73569679361,1.94424904291,1.6189126099,12.3259431021,3.48899979218,0.84505669902494,2.77103984888,0.473387640913,6.17149944733,5.5454543416,1.8948089192,1.73568819488,0.1756,9.34119484248,0.720154540844,2.46764855105,0.719989571331,0.601920962598,1.5567575171,0.43002934753442,0.719989571331,0.601920962598,0.720045306043,0.6021,1.49185158924,1.49180448862,0.332127074163,7.36664781856,0
"84",3.07467335302,2.27057594686,0.1538,3.82398466107,1.84294631644,1.36458004529,3.9020889285,0.536060130969,8.35222514116,2.36812039083,0.714221919140759,1.16185782324,1.00897925536,8.62764603275,1.30013009533,4.50538603481,1.88757866965,0.419551168815,2.05313985584,1.08745101359,2.9330882867,0.536060130969,0.536012932048,1.009,2.93309310706,1.48548934234,1.97269693544,1.59697798762,0
"192",0.492693260022,0.687618347969,0.492681810891,14.9842364817,1.3941671305,0.2673,3.31557014929,0.687564873013,10.1631942975,4.97873636632,2.12380193784,0.2673,0.1398,6.16655389125,0.38438765838,7.30960572627,1.33715246597,0.38438765838,1.50172980233,0.1398,0.492632048962,0.687564873013,0.492693260022,0.1398,2.39901240249,0.492681810891,0.384334017292,10.1752150736,1
"131",2.16371912223,1.28289258369,0.495125695451,0.2687,3.02972821458,1.01698222184,3.26295878749,0.495125695451,7.76165054351,7.36640695503,1.01703397351,0.690853227386,0.863113571925,6.05570033551,0.4952,2.99308856074,0.863055993489,0.2687,0.690853227386,1.15596331881,1.5071951463,0.2687,1.15609119581,1.15612786105,4.06744853418,1.38378614873998,1.50715830212,0.2687,1
"163",0.919280185,0.2366,1.2785322409,15.5768385487,2.39988384382,0.2366,3.14442656874,0.6698229480272,11.1911643876,3.84472117067,2.44777897575,0.2366,0.617898456942,5.92382222819,0.2366,6.94773912053,0.919262558801,0.65428994584414,1.3808160102,0.38132707740428,0.2366,0.56001884155935,0.2366,0.439809689444,2.58262981041,1.72986565189,0.2366,10.155840217,1
"61",1.76047472345,2.11883724975,0.3988,13.3488340075,3.21395838692,0.844738929471,3.48407413211,1.45995483129,6.45304067271,3.89252847973,1.7604410003,2.065,0.398736271612,7.52431128163,0.2131,3.52452247511,1.76045974338,0.710794479694,1.95076661522,0.844785711096,1.18489508724,0.2131,1.4601025759,0.3988,1.89008259074,2.2208464751,1.54119189307,8.89122447255,0
"174",1.69256250123171,3.91883922996,0.8019,9.5385638513,3.07630075954,0.8019,3.84615172437,1.42325090025018,12.7080199207,3.51200332666,1.04976511110865,1.34120985328822,1.06138037072829,6.91518770671,1.4438997812033,2.2379,1.31428541576,0.8019,2.4491,0.67567804087541,1.43103266634418,1.99050725995,0.8019,1.69161764038,3.91889398517,5.48740491371,1.31428541576,6.38406236539,0
"141",0.666944545264,2.98818333835,0.4358,1.79426611635,3.25937445696192,1.69773089688104,2.32089060353,0.1603,6.03659997166,4.09617928058,3.05092409865,0.555992992157,1.63954097057,4.75361003795,2.87715487832,0.6669,2.14036048646,2.54078027779,2.65292290368,0.1603,0.1603,0.666938056131,1.58405877413,0.555992992157,2.56966629111,0.1603,0.769870713495,2.14032486777,0
"206",1.18226504267,1.5997912436,3.18964261345,12.4062504994,3.44636051951,1.82325935731,3.85349203808,0.81692066,10.216956045,3.44637670853,0.3264,2.01667966405,2.18723076269,8.74665515306,0.5924,2.47760717588,1.33528323893,0.7443870664899,2.10447207404,0.56650635452803,1.01673982088838,1.18230758357,1.33529084228,0.5924,2.33971936349,5.3253936321,0.592407993587,6.08257229938,0
"229",2.3817947586,2.77221711965,1.55773356926,1.55771680853,3.58682769088,2.08405451543,3.54734901278,0.720711225867,11.7345411371,3.46508661202,0.720711225867,0.7207,0.4049,7.03609390874,1.03210703243019,3.02280305725,0.4049,1.70838780703,1.55769789096,1.38955186181,0.979643881631,0.4049,0.89630605293228,0.4049,2.62844827591,1.38955186181,0.7207,0.720711225867,0
"166",1.53270496449,2.94724346032,1.34996044985,2.1513,2.09434479696,0.755668782055,4.02845281292,0.426755375221,4.87772086168,3.85054380077,1.53269013769,0.6006,0.71180507466738,5.30574454676,2.40681830413,2.54084767654,0.2291,0.426755375221,0.89573629811,0.89573629811,1.76960870163,0.56657469886565,0.600604840173,0.8958,3.38769304487,0.755699962739,1.69482776859,0.755704309555,1
"187",1.79792661984,1.99004597325,0.580631473901,5.0639643227,3.54245023594,0.801850714986,3.63161802797,0.801806283428,6.40894932161,2.19907291701,0.580631473901,1.51493738921,1.08044567369,8.46652644515,4.67370410414,3.2360605641,1.31401263441,0.580562777954,2.6612977812,0.1685,0.45593137198,1.31400261181,1.24030559793,0.4558,3.23604237896,3.36303254878,0.45593137198,1.63489611024,0
"117",1.67745381244722,3.92897398955,0.3746,5.30533557106,1.12824071916,4.3201348516,3.21752811669,2.44554134369,8.96319853291,3.12249923967,2.09128083669,1.14343674725387,1.12824071916,8.25497575162,1.1351169312549,3.84221849014,1.75352666814,1.98727687108,3.02069507033,1.47449207084,2.52196432416,0.671710120641,1.12822596857,0.671710120641,3.61665055737,3.39061542642,1.62075020443,2.52202125446,1
"38",0.630462623939,2.69627560158,0.3494,7.58929575507,1.40288349237,0.3494,2.97296164955,1.41562859417833,8.57313283976,2.3535952852,0.6305,0.6305,0.630462623939,8.04196616105,0.3494,4.23376047617,1.06775073957,1.24498038285,2.56883955863,1.06772313593,0.3494,1.06781371824,0.3494,0.630462623939,4.31549872294,1.79347467884,0.865595795189,2.00524471217,1
"74",2.90129256879,2.92510144595,0.81470402356428,2.92510552947,2.97161993523,0.1692,4.06005214545,0.45765141883,7.55583877947,1.45530171895,2.35233438174,0.1692,0.90386355795,7.52107197186,0.582830947491,1.38832246387,0.697969672101,0.697969672101,2.16483907662,0.320622829854,0.99672033249,0.3206,2.16490427568,1.1663,3.35167888878,2.72241315725,0.1692,0.582830947491,0
"208",3.75237814861,2.07511083965,1.32900982007,2.19907718107,3.24899031853,0.2498,3.64749092931,1.52795203293348,7.91226408756,5.03379405016,0.959977361986,0.4627,0.648153233786,7.32349497504,1.37257423205442,4.93033266535,1.62267372864,1.32905018515,2.96450327032,0.648121918258,2.25724760581,0.812431742172,2.19902438192,0.9599,2.51752561405,0.959898247335,1.93950345091,0.2498,0
"151",1.139,1.63421935749,1.7675,7.89031838319,4.22759898556,1.0969625650934,3.79960737828,0.3792,8.54466187868,2.46173315312,0.6791,0.9273,1.13906438122,8.24073731409,1.00213678244877,2.20385446914,1.13906438122,0.56574387985513,1.32363205843,0.51605209393831,0.3792,0.76814736216226,0.9273,0.68938039286941,2.68042818799,2.38077350368,1.13913006704,3.36708262944,0
"89",0.4113,2.21051807078,0.2202,12.1008482706,1.52696771269994,0.579841658555,2.44702232758,1.40555571293,8.36146872611,2.53175928766,1.21377737827,1.31292863545,0.730899671114,8.4334107342,0.83656233892436,3.2089525319,1.10723650848,0.579841658555,1.79655805634,0.2202,0.867555562723,0.867555562723,0.2202,0.5799,2.95642301918,2.10386322194,0.57993189665,6.36012596525,0
"190",2.32384671607,0.77153597261,1.74711109817,2.2543,2.39023079985,0.771485612041,4.12910400034,0.3053,6.30395310386,3.8977660649,0.65274201445756,2.390237951,0.77153597261,7.18926885245,1.06921804319894,3.41452660151,0.77153597261,0.77153597261,1.40586331811,0.557141573025,1.64206727365,0.61977262838526,0.557141573025,0.66069176969421,2.39022113467,1.27146774657,0.958064800204,1.07459383578604,1
"104",1.90853822293,4.32230292505,1.54990791937,3.74357669345,4.15394952158,1.67967381961,3.3347553619,2.10612988051,6.9067346743,1.90854513688,1.2492828333,2.76217469391,2.10612988051,8.40734370562,1.31173421717801,3.07671783903,0.351,0.633095232182,2.76213697337,0.351,1.40744322613,0.351,1.08487410303968,0.868954026622,3.02878720487,1.67966726182,1.40744322613,0.868954026622,1
"85",0.722478295275,2.55468990659,0.722478295275,2.70600965452,1.97278550202,0.722478295275,4.46768242141,1.56073554441,7.98419415143,0.722478295275,1.71156727684,0.406,0.98186803061,6.88273567344,0.92483398356572,4.4887457376,0.406,1.56076908737,1.3924,0.406,1.56073554441,1.3924,0.85501205752882,0.722478295275,2.84302552977,3.08326308276,2.38549815028,2.5202163193922,0
"9",0.2743,0.877847926828,0.48655779957593,7.94387835188,1.62958121307,1.40093719436276,0.2743,0.877847926828,7.5499100841,1.41973031767,1.03355600759,1.03358547065,0.62097292133257,9.79834123662,0.2743,2.37530424095,0.877847926828,0.2743,2.90538519699,0.877845180369,1.3609485412444,1.30209526943,0.61705408130146,0.49852880709762,1.1741,1.17406142302,0.504685753437,3.62161615535,0
"136",1.6519935651,2.24772704406,1.05052039396,1.05052039396,3.08724815892,0.3423,3.13204572186,0.3423,7.42968379954,4.26390814524,1.38232097454,0.6188,0.618757596483,6.54946688252,0.3423,2.32688931269,0.6188,0.618757596483,1.22584605723,0.3423,1.38220060587,0.3423,0.3423,0.6188,2.6681837495,1.65191443956,0.3423,1.81876376847653,0
"17",2.19694519449,1.3427868295,1.01739411461,3.31656339665,2.72977087953,2.67292728662,3.78699239262,1.18920881966,7.76917399917,1.48155028821,0.822284727919,2.34973062729,1.60812607646,7.03719418964,0.3289,2.19693930487,1.60811721837,0.822253680171,0.596563694804,0.596563694804,1.72444766364,0.596563694804,1.01739411461,1.0174,3.31649609452,3.58628573964,0.822284727919,0.596563694804,1
"150",1.61280906872616,2.36589913023,1.47535941883,5.65148034078,3.43208285632,1.47535941883,4.64613327517,1.62164056441,7.22291690303,3.84349626377,0.672198417408,0.672198417408,0.3749,6.94227207161,2.28034682498,3.07377680747,0.6723,0.672198417408,2.59574515889,0.63176703526743,1.47540152034,1.87611428708,0.918661929277,0.6723,4.40471062464,4.61146537093,0.6723,1.87619027392,0
"181",1.93625431,2.19566041383,1.78665976931,7.20218556631,2.88916485264,0.46145622458,4.04044580493,0.46145622458,12.7365145414,3.43306760638,2.56078135564,1.08428792241511,1.61976048994,6.28004782517,0.6466,4.21166773586,0.2491,1.2137380818,0.957848469274,1.5284404776,0.95781743707,0.810535171304,0.957844942644,0.6466,3.06187914756,1.21371209329,1.32637848349,1.52849803045,0
"108",1.43337659001,1.34834109461,0.388697624144,13.6634367676,2.53428257594,0.388697624144,3.42502820671,0.81568973407437,5.27525051092,5.8592859179,2.57234829271,0.7904267741678,0.51812408737779,6.05987336585,0.2074,5.67511773567,0.946881591596,0.2074,2.37144472515,0.40778508909551,1.58970704873,0.2074,0.53811716296221,0.2074,2.49528608647,0.694589750346,0.388697624144,10.1272566691,0
"25",0.718733438914,1.35031473544,0.1752,11.373134344,0.331409249333,0.331409249333,2.82163193421,0.718617746484,4.11032273782,3.10757223318,1.78812245421,0.3315,0.331409249333,6.51205286847,0.76035670628609,3.40005244361,0.600780233002,0.1752,2.03542071148,0.827638866804,1.27534208083,0.82770320573,0.331409249333,0.1752,2.43048679681,2.8733837292,0.71868713565,5.3812399075,1
"223",3.52448599646,2.59329046351,0.907354396841,2.0988,3.7048366114,0.523897308083,4.29324965503,0.523897308083,6.66492057475,4.12247319908,0.728359365837,2.3671,1.85878197522,7.71000215738,1.42763100388628,1.94326306759,0.907406833728,1.06666844251,1.21002006907,0.2856,1.21007868899,0.728359365837,0.5239,1.67305928908,3.63027437813,1.85869850704,1.76893713946,0.907406833728,0
"40",0.831003942832,0.333024132914,0.1761,3.80549890081,1.47907948453507,0.1761,2.21251243913,0.1761,5.5291346201,2.5687878165,1.49438602733,0.84557776585624,0.1761,6.25350263079,0.721666187135,2.74673234504,0.603368749868,0.1761,0.721649642852,0.333024132914,1.35495821234,0.830994342163,0.1761,0.4745,1.79348281846,0.830996093805,1.35492776655,0.603368749868,0
"127",0.779999390602,1.57159787281,0.7362078685506,5.62680004242,0.620919762791,0.620890911274,2.50130327338,0.442067341267,12.1479517769,4.11410331443,2.1972597282,0.2379,0.4421,7.12521724713,0.442067341267,4.68621081794,1.48177928297,1.28350167026,1.5716182259,0.2379,2.01719864926,0.442067341267,0.6367937768508,0.5001941499295,1.65610922572,0.923290495002,0.442067341267,3.46481659779,0
"203",2.06542090984,1.76093105591,1.13396959016,13.4277706129,3.45352268697,1.13401393486,4.01184659769,1.37457404012,7.55575228995,5.0380775893,1.58068607565,1.13396959016,1.76098848547,7.13311817736,0.4836,3.90084705528,1.37453650612,0.70939653923126,1.58066376322,0.52731855201308,0.4836,0.4836,0.4836,0.4836,2.71697328678,3.02992809947,0.4836,9.06123704515,1
"101",1.63098019251,2.01816928497,0.466113944556,10.9758435014,2.90352467246,1.87564566138,1.87552249475,1.33653715781,6.20245328663,3.54557978102,1.63104602786,1.33649072314,1.10039728248,6.97596937779,0.78093793971039,2.70692767747,1.10039728248,1.2233169291,2.20867536124,0.817830941616,1.63114284649,0.2518,0.65719526490289,0.2518,1.3364435526,0.2518,1.94872662531,7.01474184518,0
"171",0.8813,2.87088859828,3.35926752016,4.88892215664,3.0280932057,5.5641263339,3.89657925871,3.23572177512,12.2017351291,4.43492957913,1.63460025046,1.32318204553521,0.881262948432,8.3148602631,1.52347025992913,2.69442278142,1.4243962189,1.42442164671,0.881262948432,0.85061794060772,1.81808460629,0.8813,1.1783,0.8813,4.0140290393,4.4349457937,0.8813,0.881262948432,0
"119",1.56239165958,2.2657754658,0.573598715309,3.93169980242,1.18246381289,0.370620372791,3.02327635477,1.6092075434,5.94842786325,3.85588172957,1.69878517912,0.257339502572,1.30149531633,7.52849865683,0.4758,3.0405603052,1.41150098132,1.05261713206,2.83859552681,0.1344,1.05255004636,0.832917705665,0.751556425867,1.05267190538,2.75760863775,2.20589583026,0.982883991155,1.11909127601,1
"3",4.15585005867,3.00185522893,0.4335,2.64570069982,3.48097477804,1.36591284322,3.03314499331,1.15497338757,12.5356160288,3.85752427315,0.233,0.7664,1.0367573997,7.54520282787,1.54985472993,2.96993385465,1.71302461076,0.433549890332,1.78811442321,0.609593274136,1.85957996819,0.81286975626521,0.92615326413628,0.766478492386,0.907958760477,2.90398503351,1.71303852488,0.4335,0
"182",2.70569085451,1.31779549954,2.19627498354,9.76613539959,3.49839467519,1.76052082328,3.42003310515,0.922605135586,6.34813089215,3.57269651113,0.533866738982,1.99485278428,0.804284248412,7.56419762512,1.2287,2.14846169517,0.804314738761,0.61871358097435,1.93974084179,0.2007,1.03195331745,0.68214634157429,0.533866738982,0.80810558361638,2.92007113704,3.08139676899,0.83095060009301,4.89065580252,0
"103",1.1199171012,1.46471740875,1.46472235659,12.1884243703,2.84001911017,1.74273886362,2.71664786091,1.74273886362,7.01005482415,4.5954077558,1.46466629594,1.00202436599855,0.910744731791,6.42748398983,0.74521748689686,4.14734797373,0.97509371843606,0.3711,1.97578194441,0.3711,1.30262022546,0.3711,0.3711,0.3711,2.50930932661,0.666008607018,1.74272775813,8.8703732294,1
"29",2.92805123684,1.76721865219,0.378982450858,3.9329984833,1.0367931872,0.378982450858,3.11480785819,0.2019,9.90061575975,3.87502435435,0.678932411895,2.00175951481,0.678932411895,8.61508765459,0.2019,3.23480371525,0.678932411895,1.03681773526,2.95624282409,0.53668604657,0.808229193919,0.5368,0.67179451637698,0.5368,2.92806274825,1.23394353484,1.13868557259,0.808229193919,1
"149",0.629804177271,3.64314847833,0.349,2.1882813433,0.864756611707,1.40166098639,4.00466431112,1.24390234025,11.7398345877,3.51088363185,1.06670124216,0.6298,2.0037376105,8.20547211096,0.99851483714604,4.37181711941,1.24386154136,4.46418696569,1.40166133502,2.35191906696,2.35193354368,0.864753062227,0.82856905589711,0.6298,3.57850155257,1.67329197605,3.28651632946,0.6298,0
"158",2.3246126779,1.139352284,2.07294667717,3.29573993387,3.8710570962,2.32464756833,3.83091913051,1.92850784476,5.84626733676,5.94348578558,1.92846794254,3.35353059728,2.20426478558,2.43570834136,2.24040886726586,2.96637596089,0.849510447438,0.849510447438,1.92846794254,0.4864,1.13936082986,0.85910453524136,1.27376066871494,1.23560421503708,3.23563213996,1.76789851892,1.58722595184,0.4864,0
"202",0.5338,1.36017120208,1.69552356519,2.0477,4.823461686,0.533886522074,3.710382801,0.916368230114839,8.08571499705,4.87936061275,2.45353115935,2.39341560879,1.08364709013,7.22986403122,3.71032540885,2.12372591687,0.922691533375,0.2915,1.08368343056,0.741347406381,1.22864808665,0.533886522074,0.7413,0.5338,2.67204934345,2.72186146258,0.2915,0.5338,0
"75",1.05147906456,1.65320098872,1.4791,3.02691678164,4.03337932865,1.47908819899,3.59499598521,1.05146603196,7.72760902838,1.6531942721,1.47908819899,2.3024,1.05147906456,7.77779794671,0.778284250506,1.8085292718,0.778284250506,0.441,1.05146603196,0.48329758981663,1.80852412856,0.778284250506,1.6531942721,1.6532,3.02694327914,4.3938376393,0.75437203681472,0.778284250506,0
"33",2.26152249717,2.04700069171,0.882320676136,2.58494734012,2.95359240055,2.76198862895,3.4514956143,2.06785563327,10.3065587527,3.808568368,1.54971702772,1.54973754465,2.06790250078,7.3560477844,1.42584495299,2.49531840254,1.48922284365,0.239659037363,2.90801713351,0.507624569671,1.63622062183,1.01726116354,1.39315974519,1.254276003,2.81226868103,3.21927352186,0.882363138217,0.1641,0
"112",1.30213520442,2.51697262531,1.09770761657,2.14422975012,2.81284704223,0.723788160596,3.68820350836,1.56291160533,6.48299579517,2.67245095818,2.77900289072,0.406815718842,0.573975682519,8.36071854417,1.0977,3.36235858922,1.20352990288,0.983488236342,1.71387899659,0.573989681483,1.20352990288,0.2177,0.573975682519,0.574,2.6724752438,1.783738737,1.39438659425,0.4068,0
"232",1.8988730808,2.3834711654,2.74555760736,13.1933778326,3.74477218809,0.58124709524,4.34716698075,0.3197,7.60931380051,4.51308766845,0.58124709524,1.9918,1.57759981832,7.24419929651,1.31532022802,2.79801358123,0.3197,0.3197,2.23932272021,0.71330741846219,1.57762096047,1.3152948703,1.79953778645,0.3197,3.51359472279,3.9204971898,0.58124709524,8.63298295426,1
"115",2.10759469654,2.43641879176,2.28137575526,6.05246586788,2.36100253733,3.03050286285,4.45697199642,2.64165376972,6.8752624338,4.62766245966,1.40861355895,0.869827717101,1.07258074871,7.60457031602,0.94668622846286,4.30424471878,0.3514,1.27008057017152,2.70405391758,1.25038001185,1.68099286314,0.869827717101,1.40864221161,1.07259127341,3.12478712053,1.9487411281414,2.10756823874,2.10760791445,0
"13",2.93136427269,1.85249437617,2.14229716183,3.20712857867,4.57882534862,2.32699911369,3.35608679812,1.76996670307,9.39285645674,5.19974164621,1.58908873978,2.49051477815,2.54120593561,10.1028891641,1.51481985175257,2.59005560501,1.14087616937,2.32692271616,2.20646668979,0.62024870812924,1.48941831953,1.48945458308,1.21985221581295,1.38229404322,3.43857149945,0.2641,0.90013510083426,2.75916015714067,1
"231",2.29576394572,2.29583191387,0.2178,2.1445,3.68861788947,0.406991142894,3.77697254116,0.724069794499,6.69321963538,2.9714377959,1.71409405917,0.4069,0.723996635135,5.82585555793,2.94111463219,1.91445363557,0.723996635135,0.723996635135,1.64063862007,0.2178,1.48149496577,0.406991142894,0.723996635135,1.39467102662,2.84624812831,0.983803865697,0.983801055358,0.57414285493,0
"209",2.52341820424,3.39214753739,0.282,6.29867644878,4.93441008266,0.898028082922,3.16797524373,0.898037121874,9.5275698187,1.44736022062,3.1680121221,1.9284336981,1.5572508858,8.27687208627,0.5178,2.77162755888,0.898037121874,1.05617292019,2.72535457927,0.517788235289,1.44738197286,0.898037121874,0.5178,1.1986993262,4.48368254413,2.41080223096,0.517788235289,1.44736583015,0
"179",0.2533,0.821912136899,1.88246931077,12.7525986504,3.11719731998,0.2533,3.8893742043,0.468698840096,5.30658515841,6.91369497618,2.38466870679,1.54556666797,0.468698840096,5.81441207793,1.07905210013464,4.014535724,1.22867337583,0.5619894622109,1.72379888453,0.2533,1.10539810795,0.4687,0.468698840096,0.2533,2.87450890653,0.468698840096,0.2533,7.712979835,0
"191",2.1125003433,0.841142345008,0.707676053722,0.8412,2.77763674701,0.707676053722,3.41373577366,0.963294210289,8.13874360028,5.89280479878,0.62177682751143,1.94471913775,0.396801337224,6.75516320607,0.9634,3.70394636368,0.212,0.75152817669645,2.05873805212,0.396801337224,0.707674975715,0.560594837288,2.05869038091,0.841160907812,3.30238585714,0.841139077399,1.2777670091,1.31573582682395,1
"128",1.4831388094,3.82448798686,0.58867813997443,10.5471889595,1.37626835472,0.2624,2.71941004063,0.2624,8.13805978781,2.58199455453,2.13473889698,0.8464,1.26084831507,8.06144750193,0.2624,3.67477491489,1.92332985958,1.99730364987,1.92330216484,0.484339103453,2.58192383374,0.2624,0.2624,0.4844,3.37531210157,1.76298351666,2.1346577851,5.65189881846,1
"157",2.1372461902,2.13727584096,0.798319782754,2.088,4.49689515986,0.1989,3.21359010808,0.1989,9.47914553354,3.21360387596,0.67239369835492,1.12590987637,1.61786262282,7.39489663105,1.9840578787,2.4021986785,0.67014002773,0.798246532321,1.54664493273,0.1989,0.373671261045,0.83960820994586,0.373671261045,0.1989,3.44659233152,3.68076012909,0.915997402395,0.7982629984,0
"129",0.2442,1.50796266118,0.67420767217852,13.2515450742,1.68388893716,1.19600931407,3.67826644505,1.30766383808,6.51051617162,4.73505830875,2.48805088379,0.4529,0.797146263303,6.68358881486,0.2442,3.6988821418,1.19595725906,1.41129436645,1.91305571332,0.797214893316,1.9820538169,1.41126414209,0.45298712439,0.4529,3.52493253646,3.42943175706,1.91310447148,7.23942101404,0
"121",1.45942217577,2.22492396077,0.76548446151,13.016599361,1.54833537781,0.765366765465,3.76542639567,1.26279642712,7.85788604206,3.83784174748,2.16983164999,0.432853643806,0.62681252916486,6.13175087247,0.608709838663,3.78392350365,1.15367065746,0.906766972142,1.71139891656,0.906733594347,1.71129978495,1.03551255996,0.906766972142,0.2326,2.76010936385,2.64372037103,0.765366765465,9.13807699097,0
"106",0.897099100339,2.58898172412,0.770242769778,13.2734647569,2.55087006729,0.304764559058,3.44316016864,0.77028621175,7.2609452964,3.61913862118,2.2984822346,0.39350376082,0.39350376082,6.37491240672,0.956594394594,4.2382046184,0.897101927192,0.631104598446,1.52673900188,0.210153624174,1.48695139817,0.702352589728,1.02176723128042,0.897056615337,2.38757049886,2.3212808935,0.631067734855,9.53386296236,0
"72",1.67738432507,3.56184368599,1.1905727734,11.1301620742,2.65835119049,1.30197266578,4.48770387077,1.06986634444,8.58670488152,2.69958852914,1.83382575744,0.2427,1.30197266578,8.08925488842,1.38393343200517,3.1201560397,1.06987262917,2.0407231866,2.22161050968,0.450390344673,0.450390344673,0.63190970019,0.2427,0.4504,3.05802682607,3.69027061355,0.450390344673,7.24060519213,0
"180",0.5961,2.11283295916,3.98508207376,8.92853423028,3.5392123818327,3.38742627291,3.70292405772,1.01662226403,5.35410997922,1.72340900655,0.821614270299,0.821643980406,1.72338323069,7.05792845979,0.3286,2.4191445184,0.3286,0.3286,1.83104697513,0.596065262347,1.18840545774,1.01660979796,0.5961,1.4805,2.61258018006,3.07348263973,0.79143436344939,3.67425441831,0
"219",1.75615583063,2.95179996564,2.12720566657,3.71015817202,3.52383087548,0.2608,3.91355720863,0.2608,11.1518312731,5.20424215682,1.57608061789,0.9933,0.842035226743,8.01572225077,0.4816,2.95183845187,0.2608,0.2608,2.06023901606,0.56012759739702,1.255202135,0.993290374803,0.90109564000824,0.2608,2.36772584484,2.12719146919,0.2608,1.25525077825,1
"20",2.51507270358,4.70134251152,3.16940616156,3.77747863379,3.641837748,5.40668803135,4.6194771503,4.94171142544,9.79814793832,3.9595983473,1.1572544874,0.6917,0.495809428153,7.49522025414,1.58774707769133,3.20200376023,1.15727217645,1.7910467918,2.02704989064,1.28416408485,1.50867880616,1.28414176287,0.2691,2.0270792132,4.32693695777,3.56900139489,2.16540738266,0.864129865987,0
"39",0.595732935949,1.01613620859,0.51787306949952,10.8880197003,0.3284,1.2456932605505,1.60647087112,0.3284,2.78231918264,2.41845066113,1.18784068841,1.0670643837188,0.3284,8.00357769991,1.33596927055122,2.78231918264,1.18784068841,0.3284,2.11211296052,0.56503262830991,1.26696603437676,0.5958,0.3284,0.3284,1.18787580338,1.95786720694637,0.5958,5.49908470748,1
"31",1.40819021151,0.99453940471,0.56637875130397,13.1907039697,2.36042685081,0.319646219212,2.9446878906,0.1146,6.89108708898,2.79796014952,2.55567419037,0.220762878507,0.53520753678483,4.13940861247,0.499173998209,3.27558991839,0.319680881637,0.499204604895,1.16383540476,0.412217099216,0.994497983856,0.319680881637,0.319680881637,0.7326,1.05324353287,1.45241939412,0.80251036862,8.42999733776,1
"10",2.59897678744,2.80287422218,3.84154427707,5.42120336501,2.89491056474,3.47464320623,4.17112847443,2.48502541418,9.91354743931,4.94917436407,0.79053724122977,2.89496276139,0.940850241816,9.90798411347,2.2261467135,2.2261467135,1.91038214958,1.0728751374567,1.91039635095,1.50554468459,2.48500488599,0.5458,1.24655318941855,1.2507,3.21376130039,2.98144089073,1.1680471353051,1.50557832622,0
"76",0.728933293316,1.50631632453,0.9414,10.3531764468,3.75398509786,0.609646452311,2.30584654634,0.839014549109,5.78930886372,4.0457936006,2.45175607678,1.21095419652,1.29053878405,6.36212230437,3.25501954232,1.85988763561,1.21094120435,0.88164548003416,1.2906451492,0.33678908743,1.36609126545,0.58851878107786,0.609684030993,1.5063,1.80659359052,1.6938656554,0.33678908743,5.09317073821,0
"197",0.5117,1.31618543775,1.54390307753,3.95188092119,0.2784,1.31611290134,4.20595843081,1.03273408089955,8.38062128768,1.91350747531,0.69009132590414,1.1873,1.74045345328,7.07565021025,4.75326567123,3.40313406327,0.888637904751,0.51166850603,1.99278761143,0.51610235959849,1.04563612191,0.51166850603,0.2784,0.2784,3.14992505777,3.59324978403,0.85842884361868,0.888686954355,0
"42",1.3934,2.90840294776,2.49780916726,3.26296063233,2.71764187807,4.37540968368,2.95233806351,4.30931327378,8.43040711209,4.92051696095,2.30773828452,1.1124,1.11237828058,8.92220085923,0.5507,3.07683397759,0.3015,1.39334363584,2.952340808,1.39338960775,2.43720815108,0.763220655522,0.763220655522,1.62844720642,3.33120304883,1.51572851248,2.37390881741,0.550753187954,1
"183",2.25760522392,2.14994247781,3.66556801271,2.9775,4.86752254804,1.90701699439,3.09828250751,0.754943633158,7.53622051931,1.44311159328,1.4431,3.74164087396,1.76833749957,8.83888419046,1.02248458809,2.25752325929,2.35769364964,1.17352147464047,3.36215672685,0.80110186651138,1.02243776055,0.4263,0.4263,2.4514,3.66553449794,1.02248458809,1.15962067988307,2.64363574035197,0
"194",1.5192566062,2.3217703421,1.04719868439,12.3163646756,0.341,1.37840370693,3.12636627977,1.22228540196,10.0272242979,2.83437888738,1.04719868439,1.5192566062,1.22228540196,7.57615171144,1.25736060710965,1.87428538298,0.616610365255,0.341,2.15904340507,0.52045146898002,0.847918967795,0.847918967795,0.847910138034,0.341,3.25280289963,3.57668931848,0.341,7.24453077665,1
"19",3.24079248011,3.08243008623,2.7654039274,2.38585912074,3.22575156316,2.51559685674,3.53802157375,1.78977656852,8.70008931077,3.22575774807,1.74807493854,1.18765716824,0.668891326169,8.17149431006,1.28286587423503,4.06414128476,1.12404863487,1.66105701188,2.05152239291,1.24863892254,2.84653163881,1.46952315763,0.1353,0.66880448171,3.01389149263,2.18229417277,1.3071442364,1.0574543895,1
"16",1.25305621761,2.74561629234,2.98504205265,10.7271822562,3.6527552495447,2.04001960067,4.85874872356,1.1443178165,8.47799723011,3.10583629678,1.25301653255,2.36470933981,0.758443889194,8.95052710242,0.4285,2.58858120881,0.428498858858,0.428498858858,3.92416684839,0.74716531140445,1.02679902922,0.6029,0.2301,0.6029,3.16268013565,3.74963740884,0.428498858858,4.62596804569,0
"15",1.33688106999,0.627622862845,0.62769233794,12.7187695173,2.73727526652,1.13697539374,3.28097775081,0.522106524301,10.3815903617,4.55843830831,1.06355551367,0.986191289437,0.726057806096,6.30855728502,0.1493,4.08937608052,0.726057806096,0.46744830461907,1.06356675324,0.1493,1.20674411543,0.726001448292,0.1493,0.1493,1.66899156151,1.93891370527,0.522181270986,7.75744405047,0
"26",0.54314034139,2.35464790053,0.2046,10.8825421996,2.17155639664,0.936772662305,3.38525543075,0.54314034139,8.04293623612,4.41065942683,1.64778705549,0.936854465124,0.383755264817,5.6327271606,0.3838,3.29849696468,0.936848565682,0.6458168708844,1.96176138985,0.3838,1.15001923644,0.3838,0.383755264817,0.9369,2.17156711961,1.71621896816,1.42015116514,6.27047819071,0
"87",0.813429158911,2.81938585605,0.4633,2.8948,0.8134,2.36891667832,2.96640116438,2.01061318983,7.35603683872,1.33040450671,0.4633,1.51982753027814,1.09493861177,7.86494877652,0.4633,4.20310784239,1.09496260124,0.86426075257726,2.14014214199,0.65864954773169,1.33040450671,1.53275981627,2.01051161822,0.72657497204435,3.58268758532,1.86820143757,0.813429158911,0.813429158911,0
"94",0.881492021162,2.21710077588,0.357,8.05988803173,2.66310150443,0.881492021162,3.50935193833,1.08613117625,8.54187016104,2.84320270611,1.08613117625,1.6986,1.26524592559,8.04154752603,0.81923229489963,3.10096064701,0.357,0.881448970451,2.3016954068,0.8814,1.81833436177,0.81453781069503,0.642950791327,0.63528603712475,3.85553039553,5.27121934,1.69867362981,3.19241824786,0
"120",0.1689,1.74853674336,0.581914387723,4.92203210874,0.581963802002,0.456914404803,3.77307455211,0.1689,14.0259435023,5.37927718302,2.41892414577,0.320082567635,0.1689,2.72027039869,0.696961008268,4.12080817234,1.45363259034,0.456930259796,1.31650354165,0.457,2.24075722166,0.581899848477,0.66143478755197,0.803500863872,2.4189507024,1.42990883502563,1.2425971046,2.45207068946,1
"36",1.75255543501,1.75256804278,0.839862060624,2.87152925211,1.75256748439,0.6103,3.42510153549,1.08400556697831,6.89102279445,3.19558985391,0.77259972597686,1.03780698028,0.3372,7.7145612923,0.80995942905838,3.06557097103,0.610326595957,1.86112515096,3.11019842749,0.839884744181,2.14494642106,0.610326595957,0.88897528573331,0.3372,2.92257772892,1.03786108203,1.21193656849,1.21187108856,1
"96",0.558820825026,5.24395319623,1.64553379377,1.8487,3.51183288397,1.53219670609,3.73319464061,2.83783602215,11.023769498,3.5413754688,0.558820825026,2.45780003296,1.64558580873,9.02993461143,1.08446669665106,3.17652863724,2.02669798363,2.51860444706,3.25013577353,1.06724354038065,2.68705138398,1.53217447712,0.558820825026,1.9404,3.51181709067,1.40909505286,1.21860043533027,0.3063,0
"145",1.60791619679,1.97973554353,0.1738,11.066479001,1.97976617573,0.1738,2.88760331476,1.18918431093,7.07021250035,1.83194425695,0.713791779405,0.3289,0.32889561591,6.87481494117,0.468924463886,2.48752918777,0.713809066547,0.71378842191,2.02579355899,0.1738,1.48147702007,0.1738,0.468928442452,0.47387613830866,2.70140637429,0.822247451499,1.18915933735,6.21128936518,0
"175",1.88756296138,2.1089526765,0.986842303507,13.3198377051,1.93460778558,0.316658814949,3.79561214931,0.316658814949,12.5173899334,3.88221489114,2.1887559327,0.74804708553553,0.894593128866,7.11840022576,0.452241455249,4.60396874898,0.690289346321,1.50633275493,2.14939166434,0.452278946137,0.894593128866,0.452241455249,0.986865138716,0.3167,3.08515048684,2.59259265068,0.796069488917,8.93102187322,0
"198",1.54896265839,1.66304997037,3.34322700232,4.015,3.37708424293,1.42508480035,3.83203444721,0.973028683878,7.08299545478,2.59835863057,1.66303511384,0.9731,1.1399673475,6.25471934754,0.3112,4.4399905465,0.784267660048,0.3112,0.973075654113,0.56703776483,2.34844762826,0.56703776483,0.89201724775854,0.56703776483,1.76875533265,2.20517176359,0.973028683878,0.7843,0
"56",2.62936338167,1.48327263499,1.13569540439,12.181517912,2.4301830728,0.87464496651218,4.27470613353,0.48451058165,8.76338135275,2.84505069902,0.676772435797,1.13813762136764,0.48451058165,6.40258679983,0.87737966861389,3.76236744591,1.37645221591,0.676772435797,1.13561299941,0.998396188265,2.71957843109,0.676772435797,1.13563305437,1.2610221035,1.92345452392,1.13570346666,0.846571384195,7.45761471902,1
"71",0.389050369234,2.08770511338,1.51471752777,12.7378650036,3.17779234704,0.695158486592,3.70856261586,0.2076,7.57223332698,2.68204789799,1.86057147057,1.059,1.86050665545,8.02301840471,1.20082060575277,1.92080329694,0.695198629116,0.2076,2.75000685683,0.389050369234,0.695158486592,0.695241765362,0.827,0.2076,3.15291620613,2.32896277833,0.550207919546,6.34308126136,0
"92",0.8482,1.64798854584,0.64002227309727,11.7171605034,0.8482,1.51956926477,3.89440948572,1.04747847915,12.5772869782,4.17569151227,1.37872480899,0.69681619454551,0.61677558167,7.10409166003,0.3411,3.33190188118,1.04747847915,0.61677558167,1.64802186506,0.3411,1.765794274,0.3411,0.69578826759437,0.3411,3.73014040683,3.17031558499,0.848130076779,6.99668634745,0
"110",1.95334608471,2.62546230618,2.65870309535,13.8181988969,4.13080846225,1.65732076939,3.38959287818,0.78078819723,8.89664008504,5.2392306307,0.654879647794,1.1037,0.364267281862,7.27464691421,0.364267281862,3.76981794809,1.7216503342,0.1936,2.72286475288,0.51840201649627,0.364267281862,0.896657873514,0.1936,0.3643,3.05758605097,2.89989014223,0.364267281862,7.87731067007,0
"222",2.31871599121,2.31869589478,1.77469847362,3.80360749888,2.04751143759,0.891139827686,3.90307115952,0.775864212967,10.5251038931,2.1436909679,0.1921,0.65061352218,1.58221665343,8.26005981992,0.1921,2.99647645999,1.27772577322,1.36007597312,1.83356865372,0.650571552307,1.09720857112,1.36012124313,0.93862456445064,0.1921,3.97017565335,1.71334043318,0.361600909507,0.891163906186,0
"199",0.832680362325,3.44521958302,1.62416234798,3.1811,4.12100277392,0.604695080038,3.9614010383,1.49687697083,15.4842154377,7.00626335056,2.21549265627,2.5719,1.74113192077,3.09580988487,1.696511593562,3.63859532502,2.36882160212,0.3338,2.43971539874,0.6047,1.35727126033,0.85528045159484,0.3338,2.69300226556,2.36883178184,2.13336701908632,1.4968796217,1.20266553551,1
"153",1.47551765599,1.4754597357,1.31264901814,7.81994786897,4.13921491624,0.672198417408,2.968302928,0.3749,8.99013323735,2.79408510525,0.3749,1.75460425053,0.918661929277,6.17450798296,0.89844421113909,2.09239951877,0.918576293636,0.57375817031046,1.1291,0.40907351726682,0.918576293636,1.31261314969,0.672198417408,0.9187,3.26406208623,2.79404175822,0.6822041787869,3.26407274605,1
"81",1.0758,2.44136543679,2.3397537367,5.44197556518,2.93501411644,3.50331335959,3.13014473061,1.5090963489,6.44369582884,4.86135502908,1.30868356772,3.1301988287,1.98336724037,8.05011822544,0.79786530837,1.68517091305,1.5091175386,1.04888743324809,1.5091615417,0.4534,2.23041079776,1.30864943742,1.42365461640508,1.5092,3.24701760489,3.13011930237,0.95770953951395,2.53626624035,0
"155",1.59320239181,1.14427539033,1.77427071908,11.3415623989,4.28968221431,3.18095323342,2.81792532639,1.77434656061,7.57450599219,2.81794537669,3.24366659546,3.71180937845,2.5462579692,8.98098196807,4.56025879585,1.93510611203,1.38619672096,1.02680443666119,2.21130402177,0.62586196807817,0.853551358066,0.489,3.18085967897,1.10456891441786,2.97421455103,3.52222241726,0.86800807247129,5.65012352159,1
"86",1.09902547573,1.87378043609,1.18207532097,12.4848227982,4.07574039554,0.1724,3.42910263967,0.816878038435,7.15343255686,3.18923806856,1.9228614078,0.592284081626,0.917131611566,7.08902517962,1.87375738778,2.69079762303,1.0109548211,0.68007336112637,1.87378714437,0.1724,0.816878038435,0.3263,0.592241666266,0.5922,2.82601312356,0.81670266455,0.592308232086,6.84493358401,0
"102",1.57094544967,2.39797710816,2.09934214555,11.8019714387,4.03911439515,2.64525901219,2.85632245388,2.09929795645,8.62167638194,3.35028454234,2.48518076108,1.2104,1.00927099824144,8.60348674683,1.49814056668336,3.25417449723,0.728576444236,0.728576444236,2.6453094501,0.80703951915339,1.21039293416,1.21039293416,1.4019141138,0.9895,3.09686516131,2.30512876639,1.21038785617,6.82045824262,0
"147",2.27766649043,2.66920707425,1.32879137564,10.8666112832,4.49703292677,3.44579199027,3.31245073634,1.54810740703,7.10179300772,2.35722007291,0.972443734602,0.6321,0.972450568805,7.63916926051,0.1858,2.00868723379,1.16160168787,0.1858,4.23798985841,0.1858,1.54809302578,0.632090544595,1.16162318337,0.75468813291,3.18740661409,0.632090544595,0.97243660398,5.00906902405,1
"215",1.96818641174,1.6407775427,1.51279396819,2.0626,1.75837300717,0.843481917382,3.02673652407,0.3389,9.80902613527,2.23485917422,1.04203213733,0.613139093346,0.3389,6.6931520243,0.8435,3.0728572665,0.613139093346,1.04200309767,0.8435,0.6131,0.613139093346,0.3389,1.04207693377,2.23486053842,2.15131935406,4.34552748521,1.04206117642,1.04207693377,0
"109",0.6689,2.9420168004,0.478503779886,5.83374119688,2.30229911834,1.12419150695,3.35626519508,1.084987000702,7.41684084654,0.83714339233,0.259,0.83714339233,0.837132384917,7.43331720743,1.3840979959925,1.5686,0.478503779886,0.259,2.3586713403,0.987789869875,0.837132384917,1.56859864033,0.478503779886,0.478503779886,2.30225417191,1.74813848493,0.668978574782,1.74819350157,0
"227",1.37879986688536,1.93273382521,0.234,7.30465080121,3.41768617016,1.15874983745,2.73022001248,0.234,7.6540445756,2.38586924899,2.17702988772,1.04028547101,0.769242359038,7.92054773489,1.04030314049,1.15885472666,0.911161586074,0.611911940722,1.15885472666,0.234,1.46515012327,0.435289881587,1.04027881839,0.612,2.73022863402,3.8813453541,0.435289881587,2.33642507928,1
"159",1.4770412918,0.673174819825,1.47703523141,6.43170423627,1.99020722975,0.3755,3.12589849197,1.13039332486,10.0290189869,2.79613760449,0.3755,1.477,0.919832082441,8.05955390043,1.398442977311,2.79617048916,1.31410090794,0.3755,1.87797783321,0.53620488857631,0.3755,0.673174819825,0.3755,0.65188966106378,3.26629566092,6.3603716715,0.673174819825,2.19142000941,0
"113",0.7361,1.87283016783,0.529826528142,10.8480586013,1.87285522506,1.78270059844,4.06636168261,1.35227522032,5.92849867376,3.27097231314,1.22111846888,0.9165,1.22112609193,8.40383525381,3.51449453576,2.50061970245,1.22111846888,0.736070885013,2.71084105229,0.5298,2.38285782023,1.22109134114,1.6865477666,0.2891,3.05688235189,3.77050989917,1.78267240888,5.370937884,1
"154",1.95266497638,2.56596037424,2.56590585961,12.0272437283,3.06731871544,0.864100887511,3.13621772569,1.22613527014899,13.3390246092,4.45388265169,0.4958,0.8641,2.22987088086,8.88334557032,0.4958,2.3507979151,1.40076189109,0.74401748968782,2.66251921983,0.4958,2.22987122524,0.4958,2.22992452056,1.40076066746,3.20201736693,3.94052875394,0.76914162991492,7.12113452469,0
"216",4.14925821244,1.37545278144,0.84577678745,2.0667,1.13479735406,1.13477835529,3.16554875988,0.84577678745,5.98160593013,2.62817669222,1.1349,1.5817,0.484,4.54380547427,0.84577678745,2.62817456991,0.95707266771929,0.484,0.484,1.13477835529,1.76201937732,1.58168590806,1.18422256138249,0.484,3.34607957776,2.47004523391926,0.84577678745,2.55638377781836,0
"126",1.56069276689,2.86156147448,1.86636836534,5.98334337551,1.75185871736,5.09380656124,3.04315064505,3.72862697726,10.368246696,3.91340826005,2.44815861884,0.8764,0.638814687904,9.03777259995,0.354480014725,3.68260254522,1.17208984934,1.25861470545,3.42626331452,0.98180040265,2.02294881534,0.1881,0.1881,0.7625,3.48133895055,1.56065989619,1.25860402615,0.981813340703,0
"185",1.4877703427,1.3807206485,1.76808286702,9.71720200439,2.81048534042,2.38131833217,2.81049800088,1.58736862213,8.21608413934,2.26591058473,0.679434915401,2.20450854949,0.849504665198,7.32742355385,1.47140987918772,2.204526466,0.849585305727,0.52791607476365,1.76815572586,0.2636,1.13935373516,0.486396281456,0.679344180314,1.13944816382,2.2659403408,5.00355117623,0.486396281456,3.74755829926,0
"6",0.938476980735,2.1644132687,0.4506,1.4059,2.1644624061,1.83436813171,3.93528950164,2.04132536099,9.2542972243,1.90680104026,0.632138754271,1.1911,0.4506,7.78299039959,0.793449532466,2.99381967425,1.19099983398,0.2428,1.67799479128,0.56849791482969,0.632138754271,1.19102124584,0.84864288690966,0.4506,2.70031017854,2.65902991585,1.30238431654,0.632170915986,0
"228",1.19521442448,2.31519750642,0.718002310332,11.828387832,2.63434198396564,0.809384810737,2.89703567558,0.87964976821927,9.91769601108,5.38315720489,1.75044700575,0.403210376132,0.976261279863,4.07030708789,1.12587240201,2.34602967805,0.280944101628,2.34600778165,1.83977790339,0.515956923638,0.620562283805,0.2809,1.26140282079,0.809307786775,2.31519183305,0.895219227129,0.515994394737,7.3273898862,1
"125",0.330770834267,1.29868872201,0.426131980516,14.0227730664,1.19431599355,1.02201130442,2.42768883091,0.330810494802,10.4000702316,4.12137490507,3.40860426442,0.1189,0.515446631329,5.23874592787,0.1189,6.80910439479,1.39615314956,0.515508951755,1.48726793116,0.51922939757531,0.826215613194,0.228742568124,0.2287,0.46916379926496,2.80985763162,0.515474057167,0.426131980516,10.4600336575,0
"226",1.4994582705,3.14698612683,1.97229200453,2.161,4.58645999212,2.65515989776,4.33543322955,1.18843931717,10.0737941744,5.16604804693,1.75513145053,1.58984017941,0.630578092033,6.75846814469,1.90346682893,2.56902265991,0.93626281994,1.06787800272,1.90344027447,0.2421,0.630534945184,0.6306,0.2421,1.2998,3.58070528973,2.98987592703,0.4493510796,0.2421,1
"137",1.5102,1.7271323309,0.944316455586,4.6051586679,3.06941227947,1.3881418925,3.10859253028,1.38816428957,7.14215607271,3.06943146516,0.2999,2.36717749703,0.944316455586,7.94350776511,0.2999,2.43030927314,1.10791281422,0.5353754448185,1.62274134522,0.51904866386006,0.2999,0.944346920135,0.2999,0.2999,1.91562499395,4.0017297897,0.759767623176,0.7598,0
"225",2.11777827662,2.31688708064,0.598285356209,9.29153536359,2.27920107729,0.925593018909,3.22504995328,1.0199837543,5.2133740817,3.37548171704,2.81517692973,1.01994195401,0.1744,7.32237831413,0.5982,1.78275964597,0.598224641508,0.90462625055073,0.824362894733,0.329973124979,1.27100719018,0.329973124979,0.715736680252,1.83569896163,3.24475811833,0.925526623687,0.329973124979,4.8836098,0
"146",0.6771,2.37641876984,0.3779,3.55827966796,2.37634515454,2.60659592429,2.29068056151,2.67583413392,8.44322342808,3.23029612137,1.32036565284,1.7637,1.32033733477,8.42446438129,0.78571240893447,3.13514250867,1.13605745069,1.48373501725,2.10235344435,0.924743701104,1.56864160019155,0.3779,0.3779,1.32037478198,2.67583572915,1.88555094549,1.13607353896,1.87806872715497,0
"43",0.233,1.15499848156,1.4608071232,12.0606115727,1.92746253213,1.54986603565,3.48078105486,0.609593274136,9.53479291838,1.7880081645,0.78304504148898,0.9078,0.907953291162,8.55936384792,1.11388107182726,3.09344120667,1.26427535822,0.907953291162,2.68544161104,0.233,0.907953291162,0.609593274136,1.26427535822,0.907877443308,3.06350738422,6.30988100374,1.0367573997,7.0978819166,0
"167",1.48926580108,1.93038759466,1.38217317733,8.69182995298,3.3221071901297,2.81236375329,3.98748997152,1.00289484585,4.87370786559,4.0235502923,0.850584585877,1.1408,1.38212801325,8.58192292736,1.68221861606,1.58896313377,0.487081735993,0.850584585877,2.9686580542,0.680243583877,0.85057038956,1.00290761969,2.58997907483,0.6803,3.07563844066,1.38219803871,1.38209332929,3.56622979367,0
"97",2.21908518579,2.71310052626,0.791772053969,4.04456941937,2.77603468929,1.38325364729,3.0803598379,2.02533969948,11.1640653103,3.49018353606,0.37012573116,0.37012573116,0.908715578458,6.27039012891,0.1969,3.45213763092,0.37012573116,2.07638867467,2.42954344873,0.524763981906,1.46193847063,0.524763981906,0.80581002386047,1.01700679552,3.20001959549,1.59472821827838,1.01691204011,1.53663367563,0
"189",2.71106384764,1.14145707855,1.14142837693,1.42683891649,3.31100704874,1.7954298055832,3.20180884381,0.567875167556,9.31858711458,2.6568344678,1.55073650733,2.20729210437,1.2910992886,8.23621835785,1.72099908927811,1.55079348689,0.974386688864,0.86237349738821,1.66490450557,0.785348089295,0.974292502447,1.29125051978,0.974386688864,0.3117,3.2017771871,3.50740746495,1.55058302317,0.568,0
"213",1.3231668615,1.00105403421,0.415575718914,2.1171,1.66433003065,0.737826649229,2.17154479417,0.415575718914,6.90695779246,3.56667221055,2.27464403873,0.875423325191,0.585680082291,6.14158042117,0.2227,1.9401144302,0.737865490078,0.66284375574313,1.32313659183,0.40274922924334,0.585701662815,0.2227,0.8753996945,0.4156,2.58669545789,0.737754582535,0.2227,0.2227,0
"164",2.11325238466,2.11325419932,1.33610103358,2.36690692619,1.74687296699,0.873212269259,2.93608168846,0.759672373109,8.92194767871,4.75057749317,1.25460478106,3.24107138753,1.41328316222,7.68845828216,0.1873,2.88287867636,1.07652531739,0.1873,1.07648447751,0.353053984199,0.63647205907,0.353053984199,0.636370448598,0.9784,3.67599176857,2.24564036063,0.5016,0.873188759118,0
"130",0.9969085368,3.12387271028,1.31822525209,5.80134221203,3.48624584412,2.38732281538,3.82722448522,1.31822525209,7.5938416886,1.6962228389,0.57837753324566,2.69524865928,1.90236761932,8.35694291352,1.78737515738065,3.57934782706,0.582915094737,1.16650096946,1.6961765101,0.582915094737,0.80472200886,1.45550392146,1.29458066969746,0.99328850206222,3.03903433017,3.69476954552,0.582915094737,1.31821841976,1
"111",1.94665464126,1.47727869854,2.70735661638,10.2280140409,0.2369,3.31060136718,3.25771580106,1.05011043668,7.0421024053,2.30025343174,0.777175951847,2.40115567779,0.777224753765,8.74025147663,1.47736167963,2.44914299853,2.24705668736,1.16935356355,3.17466179191,0.920087938791,1.05015082694,0.777144721294,1.05002738016,0.920037552981,2.49548366513,4.06192568656,1.27951093176,4.71903381845,1
"34",2.1997535957,3.45105694774,0.2767,7.89472537256,2.60257648713,1.18178562242,4.21311005359,1.31032256868,7.74219192734,2.99579085609,1.18174146791,1.63880481741,0.708639448721,8.45401605032,0.708661291785,1.9853930447,1.04061447517,1.3102561813,1.82252689079,0.2767,2.55155099781,1.18178562242,0.708661291785,0.2767,2.32678921894,1.90628855805,1.53744087035,3.81839223816,1
"140",1.35577320965,3.03083307407,1.80526456931,3.2358,3.78519060216,1.16825045966,4.07938411337,0.699280627032,13.2319287386,3.57473084282,0.3916,3.2828,0.952737947761,9.37171641865,1.38853346525347,2.79187311267,0.699280627032,0.3916,1.67043554766,0.7668552238325,1.80525395095,0.70662053743115,1.15536565256172,1.35575749265,4.27800486963,6.28594624544,1.00471697387616,2.04215142145,0
"69",1.14698919751,1.14696570121,0.75366405831713,3.4216,1.68990091414,1.00857976322,3.55186081254,0.490335795089,6.29877235001,1.4965326677,0.2659,0.2659,0.2659,6.68954362156,0.2659,4.08660691069,0.4904,0.490335795089,1.68995824195,0.684511506298,0.2659,0.490335795089,1.86051077026,0.61207233217353,2.8628349087,3.76012236591,0.490335795089,1.14696998893,0
